"Adressformat";"geänd durch";"ÄndDatum";"ÄndZeit";"angel durch";"AnlDatum";"AnlZt";"Ansprechformat";"Anzeige Ortsformat";"DatDarstlg";"DatF";"UIC";"IBAN-Format";"LC";"LKZa";"num Fm";"Ortsformat";"Postfachformat";"S_Staat_Obj";"Warenpräferenztext";"Sta";"Straßenformat";"NKSs";"UStID-Format";"Bezeichnung";"KurzBez"
"";"";;"";"System";18.08.2014;"12:56:53";"";"&S &P &O";" ----------";"Tag/Monat/Jahr";000;"AD99 9999 9999 NNNN NNNN NNNN";"AD";043;"europäisch";"&O - CP: &S&P";"&F";"PA0649:pA:8acea1a7002696acdc1116b9864ea5b4";"";"AD";"&T, &N";2;"";"Andorra";"Andorr"
"";"";;"";"System";18.08.2014;"12:56:53";"";"&S &P &O";" ----------";"Jahr/Monat/Tag";000;"AE99 9999 9999 9999 9999 999";"AE";647;"amerikanisch";"&O &P";"P.O. Box &F";"PA0649:pA:8acea1a7002696acdc1116b9884ea5b4";"";"AE";"&N &T";2;"";"Vereinigte Arabische Emirate";"A Emir"
"";"";;"";"System";18.08.2014;"12:56:53";"";"&S &P &O";" ----------";"Jahr/Monat/Tag";000;"";"AF";660;"amerikanisch";"&O &P";"&F";"PA0649:pA:8acea1a7002696acdc1116b942eca2b4";"";"AF";"&N &T";2;"";"Afghanistan";"Afghani"
"";"";;"";"System";18.08.2014;"12:56:53";"";"&S &P &O";" ----------";"Monat/Tag/Jahr";000;"";"AG";459;"amerikanisch";"&O &P";"P.O. Box &F";"PA0649:pA:8acea1a7002696acdc1116b98f4ea5b4";"";"AG";"&N &T";2;"";"Antigua und Barbuda";"Antigu"
"";"";;"";"System";18.08.2014;"12:56:53";"";"&S &P &O";" ----------";"Monat/Tag/Jahr";000;"";"AI";446;"amerikanisch";"&O &P";"P.O. Box &F";"PA0649:pA:8acea1a7002696acdc1116b944eca2b4";"";"AI";"&N &T";2;"";"Anguilla";"Anguil"
"";"";;"";"System";18.08.2014;"12:56:53";"";"&S &P &O";" ----------";"Tag/Monat/Jahr";000;"AL99 9999 9999 NNNN NNNN NNNN NNNN";"AL";070;"europäisch";"&O &P";"&F";"PA0649:pA:8acea1a7002696acdc1116b9854ea5b4";"";"AL";"&T, Nr.&N";2;"";"Albanien";"Alban"
"";"";;"";"System";18.08.2014;"12:56:53";"";"&S &P &O";" ----------";"Tag/Monat/Jahr";000;"";"AM";077;"europäisch";"&O &P";"&F";"PA0649:pA:8acea1a7002696acdc1116b98a4ea5b4";"";"AM";"&N &T";2;"";"Armenien";"Armen"
"";"";;"";"System";18.08.2014;"12:56:53";"";"&S &P &O";" ----------";"Tag/Monat/Jahr";000;"";"AN";478;"europäisch";"&P &O";"Postbus &F";"PA0649:pA:8acea1a7002696acdc1116b9874ea5b4";"";"AN";"&T &N";2;"";"Niederländische Antillen";"Antille"
"";"";;"";"System";18.08.2014;"12:56:53";"";"&S &P &O";" ----------";"Tag/Monat/Jahr";000;"";"AO";330;"europäisch";"&O &P";"&F";"PA0649:pA:8acea1a7002696acdc1116b943eca2b4";"";"AO";"&N, &T";2;"";"Angola";"Angola"
"";"";;"";"System";18.08.2014;"12:56:53";"";"&S &P &O";" ----------";"Monat/Tag/Jahr";000;"";"AQ";891;"amerikanisch";"&O &P";"P.O. Box &F";"PA0649:pA:8acea1a7002696acdc1116b98d4ea5b4";"";"AQ";"&N &T";2;"";"Antarktis";"Antark"
"";"";;"";"System";18.08.2014;"12:56:53";"";"&S &P &O";" ----------";"Tag/Monat/Jahr";000;"";"AR";528;"europäisch";"(&P) &O";"&F";"PA0649:pA:8acea1a7002696acdc1116b9894ea5b4";"";"AR";"&T &N";2;"";"Argentinien";"Argent"
"";"";;"";"System";18.08.2014;"12:56:53";"";"&S &P &O";" ----------";"Jahr/Monat/Tag";000;"";"AS";830;"amerikanisch";"&O &P";"P.O. Box &F";"PA0649:pA:8acea1a7002696acdc1116b98c4ea5b4";"";"AS";"&N &T";2;"";"Amerikanisch-Samoa";"Asamoa"
"";"";;"";"System";18.08.2014;"12:56:53";"";"&S &P &O";" ----------";"Tag/Monat/Jahr";000;"AT99 9999 9999 9999 9999";"AT";038;"europäisch";"&P &O";"Postfach &F";"PA0649:pA:8acea1a7002696acdc1116b99c4ea5b4";"";"AT";"&T &N";2;"ATU99999999";"Österreich";"Öster"
"";"";;"";"System";18.08.2014;"12:56:53";"";"&S &P &O";" ----------";"Tag/Monat/Jahr";000;"";"AU";800;"amerikanisch";"&O &L &P";"GPO Box &F";"PA0649:pA:8acea1a7002696acdc1116b9904ea5b4";"";"AU";"&N &T";2;"";"Australien";"Austri"
"";"";;"";"System";18.08.2014;"12:56:53";"";"&S &P &O";" ----------";"Tag/Monat/Jahr";000;"";"AW";474;"europäisch";"&O &P";"Postbus &F";"PA0649:pA:8acea1a7002696acdc1116b941eca2b4";"";"AW";"&T &N";2;"";"Aruba";"Aruba"
"";"";;"";"System";18.08.2014;"12:56:53";"";"&S &P &O";" ----------";"Tag/Monat/Jahr";000;"AZ99 AAAA NNNN NNNN NNNN NNNN NNNN";"AZ";078;"europäisch";"&O, &S&P";"&F";"PA0649:pA:8acea1a7002696acdc1116b9914ea5b4";"";"AZ";"&N &T";2;"";"Aserbaidschan";"Aserb"
"";"";;"";"System";18.08.2014;"12:56:53";"";"&S &P &O";" ----------";"Tag/Monat/Jahr";000;"BA99 9999 9999 9999 9999";"BA";093;"europäisch";"&P &O";"&F";"PA0649:pA:8acea1a7002696acdc1116b9984ea5b4";"";"BA";"&T &N";2;"";"Bosnien und Herzegowina";"B Herz"
"";"";;"";"System";18.08.2014;"12:56:53";"";"&S &P &O";" ----------";"Monat/Tag/Jahr";000;"";"BB";469;"amerikanisch";"&O &P";"P.O. Box &F";"PA0649:pA:8acea1a7002696acdc1116b9109e94b4";"";"BB";"&N &T";2;"";"Barbados";"Barbad"
"";"";;"";"System";18.08.2014;"12:56:53";"";"&S &P &O";" ----------";"Jahr/Monat/Tag";000;"";"BD";666;"amerikanisch";"&O-&P";"P.O. Box &F";"PA0649:pA:8acea1a7002696acdc1116b9954ea5b4";"";"BD";"&N, &T";2;"";"Bangladesch";"Bangla"
"";"";;"";"System";18.08.2014;"12:56:53";"";"&S &P &O";" ----------";"Tag/Monat/Jahr";000;"BE99 9999 9999 9999";"BE";017;"europäisch";"&P &O";"&F";"PA0649:pA:8acea1a7002696acdc1116b99d4ea5b4";"";"BE";"&T &N";2;"BE0999999999,BE999999999";"Belgien";"Belgi"
"";"";;"";"System";18.08.2014;"12:56:53";"";"&S &P &O";" ----------";"Tag/Monat/Jahr";000;"";"BF";236;"europäisch";"&O &P";"BP &F";"PA0649:pA:8acea1a7002696acdc1116b9944ea5b4";"";"BF";"&N &T";2;"";"Burkina Faso";"Burkin"
"";"";;"";"System";18.08.2014;"12:56:53";"";"&S &P &O";" ----------";"Tag/Monat/Jahr";000;"BG99 AAAA 9999 99NN NNNN NN";"BG";068;"europäisch";"&P &O";"&F";"PA0649:pA:8acea1a7002696acdc1116b99e4ea5b4";"";"BG";"&T &N";2;"BG999999999,BG9999999999";"Bulgarien";"Bulgar"
"";"";;"";"System";18.08.2014;"12:56:53";"";"&S &P &O";" ----------";"Monat/Tag/Jahr";000;"BH99 AAAA NNNN NNNN NNNN NN";"BH";640;"amerikanisch";"&O &P";"P.O. Box &F";"PA0649:pA:8acea1a7002696acdc1116b9964ea5b4";"";"BH";"&T &N";2;"";"Bahrain";"Bahrai"
"";"";;"";"System";18.08.2014;"12:56:53";"";"&S &P &O";" ----------";"Tag/Monat/Jahr";000;"";"BI";328;"europäisch";"&O &P";"BP. &F";"PA0649:pA:8acea1a7002696acdc1116b9924ea5b4";"";"BI";"&N &T";2;"";"Burundi";"Burund"
"";"";;"";"System";18.08.2014;"12:56:53";"";"&S &P &O";" ----------";"Tag/Monat/Jahr";000;"";"BJ";284;"europäisch";"&O &P";"B.P. &F";"PA0649:pA:8acea1a7002696acdc1116b9934ea5b4";"";"BJ";"&N &T";2;"";"Benin";"Benin"
"";"";;"";"System";18.08.2014;"12:56:53";"";"&S &P &O";" ----------";"Tag/Monat/Jahr";000;"";"BL";001;"europäisch";"&P &O";"&F";"PA0649:pA:8b76998449019891ec139be03c1af9fc";"";"BL";"&N, &T";2;"";"St. Barthélemy";"Barthe"
"";"";;"";"System";18.08.2014;"12:56:53";"";"&S &P &O";" ----------";"Monat/Tag/Jahr";000;"";"BM";413;"amerikanisch";"&O &P";"P.O. Box &F";"PA0649:pA:8acea1a7002696acdc1116b99b4ea5b4";"";"BM";"&N &T";2;"";"Bermuda";"Bermud"
"";"";;"";"System";18.08.2014;"12:56:53";"";"&S &P &O";" ----------";"Jahr/Monat/Tag";000;"";"BN";703;"amerikanisch";"&O &P";"&F";"PA0649:pA:8acea1a7002696acdc1116b9119e94b4";"";"BN";"&N &T";2;"";"Brunei Darussalam";"Brunei"
"";"";;"";"System";18.08.2014;"12:56:53";"";"&S &P &O";" ----------";"Tag/Monat/Jahr";000;"";"BO";516;"europäisch";"&O &P";"&F";"PA0649:pA:8acea1a7002696acdc1116b9089e94b4";"";"BO";"&T No. &N";2;"";"Bolivien, Plurinationaler St.";"Boliv"
"";"";;"";"System";18.08.2014;"12:56:53";"";"&S &P &O";" ----------";"Monat/Tag/Jahr";000;"";"BQ";475;"amerikanisch";"&O &P";"P.O. Box &F";"PA0649:pA:8b76998449019891ec1361ddecce5c13";"";"BQ";"&N &T";2;"";"Saba, Bonaire u. St. Eustatius";"Bonaire"
"";"";;"";"System";18.08.2014;"12:56:53";"";"&S &P &O";" ----------";"Tag/Monat/Jahr";000;"BR99 9999 9999 9999 9999 9999 999A N";"BR";508;"europäisch";"&P &O-&L";"&F";"PA0649:pA:8acea1a7002696acdc1116b90f9e94b4";"";"BR";"&T, &N";2;"";"Brasilien";"Brasil"
"";"";;"";"System";18.08.2014;"12:56:53";"";"&S &P &O";" ----------";"Monat/Tag/Jahr";000;"";"BS";453;"amerikanisch";"&O &P";"P.O. Box &F";"PA0649:pA:8acea1a7002696acdc1116b9974ea5b4";"";"BS";"&N &T";2;"";"Bahamas";"Bahama"
"";"";;"";"System";18.08.2014;"12:56:53";"";"&S &P &O";" ----------";"Jahr/Monat/Tag";000;"";"BT";675;"amerikanisch";"&O &P";"&F";"PA0649:pA:8acea1a7002696acdc1116b9129e94b4";"";"BT";"&N &T";2;"";"Bhutan";"Bhutan"
"";"";;"";"System";18.08.2014;"12:56:53";"";"&S &P &O";" ----------";"Tag/Monat/Jahr";000;"";"BV";892;"europäisch";"&P &O";"Postboks &F";"PA0649:pA:8acea1a7002696acdc1116b9139e94b4";"";"BV";"&T &N";2;"";"Bouvet-Insel";"Bouvet"
"";"";;"";"System";18.08.2014;"12:56:53";"";"&S &P &O";" ----------";"Monat/Tag/Jahr";000;"";"BW";391;"amerikanisch";"&O &P";"Private Bag: &F";"PA0649:pA:8acea1a7002696acdc1116b9149e94b4";"";"BW";"&N &T";2;"";"Botsuana";"Botsu"
"";"";;"";"System";18.08.2014;"12:56:53";"";"&S &P &O";" ----------";"Tag/Monat/Jahr";000;"";"BY";073;"europäisch";"&O &P";"&F";"PA0649:pA:8acea1a7002696acdc1116b9994ea5b4";"";"BY";"&T &N";2;"";"Belarus";"Belars"
"";"";;"";"System";18.08.2014;"12:56:53";"";"&S &P &O";" ----------";"Monat/Tag/Jahr";000;"";"BZ";421;"amerikanisch";"&O &P";"P.O. Box &F";"PA0649:pA:8acea1a7002696acdc1116b99a4ea5b4";"";"BZ";"&N &T";2;"";"Belize";"Belize"
"";"";;"";"System";18.08.2014;"12:56:53";"";"&S &P &O";" ----------";"Jahr/Monat/Tag";000;"";"CA";404;"amerikanisch";"&O &L &P";"P.O. Box &F";"PA0649:pA:8acea1a7002696acdc1116b9169e94b4";"";"CA";"&N &T";2;"";"Kanada";"Kanada"
"";"";;"";"System";18.08.2014;"12:56:53";"";"&S &P &O";" ----------";"Monat/Tag/Jahr";000;"";"CC";833;"amerikanisch";"&O &P";"P.O. Box &F";"PA0649:pA:8acea1a7002696acdc1116b9179e94b4";"";"CC";"&N &T";2;"";"Kokos-Inseln (Keeling Inseln)";"Kokosi"
"";"";;"";"System";18.08.2014;"12:56:53";"";"&S &P &O";" ----------";"Tag/Monat/Jahr";000;"";"CD";322;"europäisch";"&O &P";"B.P. &F";"PA0649:pA:8acea1a7002696acdc1116b91d9e94b4";"";"CD";"&N &T";2;"";"Demokratische Republik Kongo";"DR Kon"
"";"";;"";"System";18.08.2014;"12:56:53";"";"&S &P &O";" ----------";"Tag/Monat/Jahr";000;"";"CF";306;"europäisch";"&O &P";"B.P. &F";"PA0649:pA:8acea1a7002696acdc1116b9159e94b4";"";"CF";"&N &T";2;"";"Zentralafrikanische Republik";"Zentaf"
"";"";;"";"System";18.08.2014;"12:56:53";"";"&S &P &O";" ----------";"Tag/Monat/Jahr";000;"";"CG";318;"europäisch";"&N &T";"B.P. &F";"PA0649:pA:8acea1a7002696acdc1116b91e9e94b4";"";"CG";"&N &T";2;"";"Republik Kongo";"R Kong"
"";"";;"";"System";18.08.2014;"12:56:53";"";"&S &P &O";" ----------";"Tag/Monat/Jahr";000;"CH99 9999 9NNN NNNN NNNN N";"CH";039;"europäisch";"&P &O";"&F";"PA0649:pA:8acea1a7002696acdc1116b9189e94b4";"";"CH";"&T &N";2;"";"Schweiz";"Schwz"
"";"";;"";"System";18.08.2014;"12:56:53";"";"&S &P &O";" ----------";"Tag/Monat/Jahr";000;"";"CI";272;"europäisch";"&O &P";"B.P. &F";"PA0649:pA:8acea1a7002696acdc1116b91b9e94b4";"";"CI";"&N &T";2;"";"Elfenbeinküste";"Côtelv"
"";"";;"";"System";18.08.2014;"12:56:53";"";"&S &P &O";" ----------";"Jahr/Monat/Tag";000;"";"CK";837;"amerikanisch";"&O &P";"P.O. Box &F";"PA0649:pA:8acea1a7002696acdc1116b91f9e94b4";"";"CK";"&N &T";2;"";"Cook-Inseln";"Cookin"
"";"";;"";"System";18.08.2014;"12:56:53";"";"&S &P &O";" ----------";"Tag/Monat/Jahr";000;"";"CL";512;"europäisch";"&O &P";"&F";"PA0649:pA:8acea1a7002696acdc1116b9199e94b4";"";"CL";"&T &N";2;"";"Chile";"Chile"
"";"";;"";"System";18.08.2014;"12:56:53";"";"&S &P &O";" ----------";"Tag/Monat/Jahr";000;"";"CM";302;"europäisch";"&O &P";"B.P. &F";"PA0649:pA:8acea1a7002696acdc1116b91c9e94b4";"";"CM";"&N &T";2;"";"Kamerun";"Kameru"
"";"";;"";"System";18.08.2014;"12:56:53";"";"&S &P &O";" ----------";"Jahr/Monat/Tag";000;"";"CN";720;"amerikanisch";"&L &O &P";"&F";"PA0649:pA:8acea1a7002696acdc1116b91a9e94b4";"";"CN";"No. &N, &T";2;"";"VR China";"China"
"";"";;"";"System";18.08.2014;"12:56:53";"";"&S &P &O";" ----------";"Tag/Monat/Jahr";000;"";"CO";480;"europäisch";"&P &O";"&F";"PA0649:pA:8acea1a7002696acdc1116b9209e94b4";"";"CO";"&T &N";2;"";"Kolumbien";"Kolumb"
"";"";;"";"System";18.08.2014;"12:56:53";"";"&S &P &O";" ----------";"Tag/Monat/Jahr";000;"CR99 9999 9999 9999 9999 9";"CR";436;"europäisch";"&P &O";"&F";"PA0649:pA:8acea1a7002696acdc1116b9249e94b4";"";"CR";"&T &N";2;"";"Costa Rica";"Costa"
"";"";;"";"System";18.08.2014;"12:56:53";"";"&S &P &O";" ----------";"Tag/Monat/Jahr";000;"";"CU";448;"europäisch";"&O &P";"&F";"PA0649:pA:8acea1a7002696acdc1116b9259e94b4";"";"CU";"&T #  &N";2;"";"Kuba";"Kuba"
"";"";;"";"System";18.08.2014;"12:56:53";"";"&S &P &O";" ----------";"Tag/Monat/Jahr";000;"";"CV";247;"europäisch";"&P &O";"C.P. no. &F";"PA0649:pA:8acea1a7002696acdc1116b9239e94b4";"";"CV";"&N, &T";2;"";"Kap Verde";"K Verd"
"";"";;"";"System";18.08.2014;"12:56:53";"";"&S &P &O";" ----------";"Tag/Monat/Jahr";000;"";"CW";477;"europäisch";"&P &O";"&F";"PA0649:pA:8b76998449019891ec139de07c36a3a4";"";"CW";"&T &N";2;"";"Curacao-Insel";"Curacao"
"";"";;"";"System";18.08.2014;"12:56:53";"";"&S &P &O";" ----------";"Jahr/Monat/Tag";000;"";"CX";834;"amerikanisch";"&O &P";"P.O. Box &F";"PA0649:pA:8acea1a7002696acdc1116b9269e94b4";"";"CX";"&N &T";2;"";"Weihnachts-Insel";"Weihni"
"";"";;"";"System";18.08.2014;"12:56:53";"";"&S &P &O";" ----------";"Tag/Monat/Jahr";000;"CY99 9999 9999 NNNN NNNN NNNN NNNN";"CY";600;"europäisch";"&P &O";"P.O. Box &F";"PA0649:pA:8acea1a7002696acdc1116b99f4ea5b4";"";"CY";"&T &N";2;"CYNNNNNNNNN";"Zypern";"Zypern"
"";"";;"";"System";18.08.2014;"12:56:53";"";"&S &P &O";" ----------";"Tag/Monat/Jahr";000;"CZ99 9999 9999 9999 9999 9999";"CZ";061;"europäisch";"&P &O";"&F";"PA0649:pA:8acea1a7002696acdc1116b9a04ea5b4";"";"CZ";"&T &N";2;"CZ99999999,CZ999999999,CZ9999999999";"Tschechische Republik";"Tsche"
"";"";;"";"System";18.08.2014;"12:56:53";"";"&S &P &O";" ----------";"Tag/Monat/Jahr";000;"DE99 9999 9999 9999 9999 99";"DE";004;"europäisch";"&P &O";"Postfach &F";"PA0649:pA:8acea1a7002696acdc1116b9a14ea5b4";"";"DE";"&T &N";2;"DE999999999";"Deutschland";"Deut"
"";"";;"";"System";18.08.2014;"12:56:53";"";"&S &P &O";" ----------";"Tag/Monat/Jahr";000;"";"DJ";338;"europäisch";"&O &P";"BP. &F";"PA0649:pA:8acea1a7002696acdc1116b9299e94b4";"";"DJ";"&N &T";2;"";"Dschibuti";"Dsbuti"
"";"";;"";"System";18.08.2014;"12:56:53";"";"&S &P &O";" ----------";"Tag/Monat/Jahr";000;"DK99 9999 9999 9999 99";"DK";008;"europäisch";"&P &O";"&F";"PA0649:pA:8acea1a7002696acdc1116b9a24ea5b4";"";"DK";"&T &N";2;"DK99999999";"Dänemark";"Dänem"
"";"";;"";"System";18.08.2014;"12:56:53";"";"&S &P &O";" ----------";"Monat/Tag/Jahr";000;"";"DM";460;"amerikanisch";"&O &P";"P.O. Box &F";"PA0649:pA:8acea1a7002696acdc1116b92a9e94b4";"";"DM";"&N &T";2;"";"Dominica";"Domini"
"";"";;"";"System";18.08.2014;"12:56:53";"";"&S &P &O";" ----------";"Monat/Tag/Jahr";000;"DO99 NNNN 9999 9999 9999 9999 9999";"DO";456;"amerikanisch";"&O &P";"P.O. Box &F";"PA0649:pA:8acea1a7002696acdc1116b92b9e94b4";"";"DO";"&N &T";2;"";"Dominikanische Republik";"Dom Rp"
"";"";;"";"System";18.08.2014;"12:56:53";"";"&S &P &O";" ----------";"Tag/Monat/Jahr";000;"";"DZ";208;"europäisch";"&O &P";"BP. &F";"PA0649:pA:8acea1a7002696acdc1116b92c9e94b4";"";"DZ";"&N &T";2;"";"Algerien";"Alger"
"";"";;"";"System";18.08.2014;"12:56:53";"";"&S &P &O";" ----------";"Tag/Monat/Jahr";000;"";"EC";500;"europäisch";"&S &P &O";"&F";"PA0649:pA:8acea1a7002696acdc1116b9bf6299b4";"";"EC";"&T &N";2;"";"Ecuador";"Ecuad"
"";"";;"";"System";18.08.2014;"12:56:53";"";"&S &P &O";" ----------";"Tag/Monat/Jahr";000;"EE99 9999 9999 9999 9999";"EE";053;"europäisch";"&S &P &O";"&F";"PA0649:pA:8acea1a7002696acdc1116b9a34ea5b4";"";"EE";"&T &N";2;"EE999999999";"Estland";"Estld"
"";"";;"";"System";18.08.2014;"12:56:53";"";"&S &P &O";" ----------";"Jahr/Monat/Tag";000;"";"EG";220;"amerikanisch";"&O &P";"P.O. BOX &F";"PA0649:pA:8acea1a7002696acdc1116b9c06299b4";"";"EG";"&N &T";2;"";"Ägypten";"Ägypten"
"";"";;"";"System";18.08.2014;"12:56:53";"";"&S &P &O";" ----------";"Tag/Monat/Jahr";000;"";"ER";336;"europäisch";"&P &O";"&F";"PA0649:pA:8acea1a7002696acdc1116b9c16299b4";"";"ER";"&N, &T";2;"";"Eritrea";"Eritre"
"";"";;"";"System";18.08.2014;"12:56:53";"";"&S &P &O";" ----------";"Tag/Monat/Jahr";000;"ES99 9999 9999 9999 9999 9999";"ES";011;"europäisch";"&S &P &O";"&F";"PA0649:pA:8acea1a7002696acdc1116b9a54ea5b4";"";"ES";"&T &N";2;"ESN9999999N";"Spanien";"Span"
"";"";;"";"System";18.08.2014;"12:56:53";"";"&S &P &O";" ----------";"Tag/Monat/Jahr";000;"";"ET";334;"europäisch";"&O &P";"&F";"PA0649:pA:8acea1a7002696acdc1116b9c36299b4";"";"ET";"&N, &T";2;"";"Äthiopien";"Äthiop"
"";"";;"";"System";18.08.2014;"12:56:53";"";"&S &P &O";" ----------";"Tag/Monat/Jahr";000;"FI99 9999 9999 9999 99";"FI";032;"europäisch";"&S &P &O";"&F";"PA0649:pA:8acea1a7002696acdc1116b9a64ea5b4";"";"FI";"&T &N";2;"FI99999999";"Finnland";"Finnl"
"";"";;"";"System";18.08.2014;"12:56:53";"";"&S &P &O";" ----------";"Jahr/Monat/Tag";000;"";"FJ";815;"amerikanisch";"&O &P";"P.O. Box &F";"PA0649:pA:8acea1a7002696acdc1116b9c46299b4";"";"FJ";"&N &T";2;"";"Fidschi";"Fidsch"
"";"";;"";"System";18.08.2014;"12:56:53";"";"&S &P &O";" ----------";"Monat/Tag/Jahr";000;"";"FK";529;"amerikanisch";"&O &P";"P.O. Box &F";"PA0649:pA:8acea1a7002696acdc1116b9c56299b4";"";"FK";"&N &T";2;"";"Falklandinseln (Malwinen)";"Falkl"
"";"";;"";"System";18.08.2014;"12:56:53";"";"&S &P &O";" ----------";"Jahr/Monat/Tag";000;"";"FM";823;"amerikanisch";"&O &P";"P.O. Box &F";"PA0649:pA:8acea1a7002696acdc1116b9c76299b4";"";"FM";"&N &T";2;"";"Föderierte Staaten Mikronesien";"Mikron"
"";"";;"";"System";18.08.2014;"12:56:53";"";"&S &P &O";" ----------";"Tag/Monat/Jahr";000;"FO99 9999 9999 9999 99";"FO";041;"europäisch";"&P &O";"&F";"PA0649:pA:8acea1a7002696acdc1116b9c66299b4";"";"FO";"&T &N";2;"";"Färöer";"Färöer"
"";"";;"";"System";18.08.2014;"12:56:53";"";"&S &P &O";" ----------";"Tag/Monat/Jahr";000;"FR99 9999 9999 99NN NNNN NNNN N99";"FR";001;"europäisch";"&P &O";"B.P. &F";"PA0649:pA:8acea1a7002696acdc1116b9a74ea5b4";"";"FR";"&N, &T";2;"FRNN999999999";"Frankreich";"Frankr"
"";"";;"";"System";18.08.2014;"12:56:53";"";"&S &P &O";" ----------";"Tag/Monat/Jahr";000;"";"GA";314;"europäisch";"&O &P";"B.P. &F";"PA0649:pA:8acea1a7002696acdc1116b9c86299b4";"";"GA";"&N, &T";2;"";"Gabun";"Gabun"
"";"";;"";"System";18.08.2014;"12:56:53";"";"&S &P &O";" ----------";"Monat/Tag/Jahr";000;"GB99 AAAA 9999 9999 9999 99";"GB";006;"amerikanisch";"&O &P &L";"P.O. Box &F";"PA0649:pA:8acea1a7002696acdc1116b9e0b0a7b4";"";"GB";"&N &T";2;"GB999999999,GB999999999999,GBAA999";"Großbritannien";"G Brit"
"";"";;"";"System";18.08.2014;"12:56:53";"";"&S &P &O";" ----------";"Monat/Tag/Jahr";000;"";"GD";473;"amerikanisch";"&O &P";"P.O. Box &F";"PA0649:pA:8acea1a7002696acdc1116b9d26299b4";"";"GD";"&N &T";2;"";"Grenada";"Grenad"
"";"";;"";"System";18.08.2014;"12:56:53";"";"&S &P &O";" ----------";"Tag/Monat/Jahr";000;"GE99 AA99 9999 9999 9999 99";"GE";076;"europäisch";"&O &P";"&F";"PA0649:pA:8acea1a7002696acdc1116b9c96299b4";"";"GE";"&N, &T";2;"";"Georgien";"Georg"
"";"";;"";"System";18.08.2014;"12:56:53";"";"&S &P &O";" ----------";"Tag/Monat/Jahr";000;"";"GF";001;"europäisch";"&P &O";"B.P. &F";"PA0649:pA:8acea1a7002696acdc1116b9d56299b4";"";"GF";"&N, &T";2;"";"Französisch-Guayana";"Fr Guay"
"";"";;"";"System";18.08.2014;"12:56:53";"";"&S &P &O";" ----------";"Tag/Monat/Jahr";000;"";"GG";107;"europäisch";"&P &O";"&F";"PA0649:pA:8acea1a7002696acdc1116b9ca6299b4";"";"GG";"&T &N";2;"";"Guernsey";"Guern"
"";"";;"";"System";18.08.2014;"12:56:53";"";"&S &P &O";" ----------";"Jahr/Monat/Tag";000;"";"GH";276;"amerikanisch";"&O &P";"P.O. Box &F";"PA0649:pA:8acea1a7002696acdc1116b9cb6299b4";"";"GH";"&N &T";2;"";"Ghana";"Ghana"
"";"";;"";"System";18.08.2014;"12:56:53";"";"&S &P &O";" ----------";"Monat/Tag/Jahr";000;"GI99 AAAA NNNN NNNN NNNN NNN";"GI";044;"amerikanisch";"&O &P";"P.O. Box &F";"PA0649:pA:8acea1a7002696acdc1116b9cc6299b4";"";"GI";"&N &T";2;"";"Gibraltar";"Gibral"
"";"";;"";"System";18.08.2014;"12:56:53";"";"&S &P &O";" ----------";"Tag/Monat/Jahr";000;"GL99 9999 9999 9999 99";"GL";406;"europäisch";"&P &O";"&F";"PA0649:pA:8acea1a7002696acdc1116b9d36299b4";"";"GL";"&T &N";2;"";"Grönland";"Grönl"
"";"";;"";"System";18.08.2014;"12:56:53";"";"&S &P &O";" ----------";"Jahr/Monat/Tag";000;"";"GM";252;"amerikanisch";"&O &P";"P.O. Box &F";"PA0649:pA:8acea1a7002696acdc1116b9cf6299b4";"";"GM";"&N &T";2;"";"Gambia";"Gambia"
"";"";;"";"System";18.08.2014;"12:56:53";"";"&S &P &O";" ----------";"Tag/Monat/Jahr";000;"";"GN";260;"europäisch";"&O &P";"B.P. &F";"PA0649:pA:8acea1a7002696acdc1116b9cd6299b4";"";"GN";"&N &T";2;"";"Guinea";"Guinea"
"";"";;"";"System";18.08.2014;"12:56:53";"";"&S &P &O";" ----------";"Tag/Monat/Jahr";000;"";"GP";001;"europäisch";"&P &O";"&F";"PA0649:pA:8acea1a7002696acdc1116b9ce6299b4";"";"GP";"&N, &T";2;"";"Guadeloupe";"Guadelu"
"";"";;"";"System";18.08.2014;"12:56:53";"";"&S &P &O";" ----------";"Jahr/Monat/Tag";000;"";"GQ";310;"amerikanisch";"&O &P";"&F";"PA0649:pA:8acea1a7002696acdc1116b9d16299b4";"";"GQ";"&N &T";2;"";"Äquatorialguinea";"ÄquGui"
"";"";;"";"System";18.08.2014;"12:56:53";"";"&S &P &O";" ----------";"Tag/Monat/Jahr";000;"GR99 9999 999N NNNN NNNN NNNN NNN";"GR";009;"europäisch";"&P, &O";"&F";"PA0649:pA:8acea1a7002696acdc1116b9a44ea5b4";"";"GR";"&T &N";2;"EL999999999";"Griechenland";"Griech"
"";"";;"";"System";18.08.2014;"12:56:53";"";"&S &P &O";" ----------";"Monat/Tag/Jahr";000;"";"GS";893;"amerikanisch";"&O &P";"P.O. Box &F";"PA0649:pA:8acea1a7002696acdc1116b9e889a0b4";"";"GS";"&N &T";2;"";"Südgeorgien";"Sgeorg"
"";"";;"";"System";18.08.2014;"12:56:53";"";"&S &P &O";" ----------";"Tag/Monat/Jahr";000;"GT99 NNNN NNNN NNNN NNNN NNNN NNNN";"GT";416;"europäisch";"&P &O";"&F";"PA0649:pA:8acea1a7002696acdc1116b9d46299b4";"";"GT";"&T &N";2;"";"Guatemala";"Guatem"
"";"";;"";"System";18.08.2014;"12:56:53";"";"&S &P &O";" ----------";"Jahr/Monat/Tag";000;"";"GU";831;"amerikanisch";"&O &P";"P.O. Box &F";"PA0649:pA:8acea1a7002696acdc1116b9d66299b4";"";"GU";"&N &T";2;"";"Guam";"Guam"
"";"";;"";"System";18.08.2014;"12:56:53";"";"&S &P &O";" ----------";"Tag/Monat/Jahr";000;"";"GW";257;"europäisch";"&P &L &O";"C.P. &F";"PA0649:pA:8acea1a7002696acdc1116b9d06299b4";"";"GW";"&N, &T";2;"";"Guinea-Bissau";"Bissau"
"";"";;"";"System";18.08.2014;"12:56:53";"";"&S &P &O";" ----------";"Monat/Tag/Jahr";000;"";"GY";488;"amerikanisch";"&O &P";"P.O. Box &F";"PA0649:pA:8acea1a7002696acdc1116b9d76299b4";"";"GY";"&N &T";2;"";"Guyana";"Guyana"
"";"";;"";"System";18.08.2014;"12:56:53";"";"&S &P &O";" ----------";"Monat/Tag/Jahr";000;"";"HK";740;"amerikanisch";"&O &P";"P.O. Box &F";"PA0649:pA:8acea1a7002696acdc1116b9d86299b4";"";"HK";"&N, &T";2;"";"Hongkong";"Hongk"
"";"";;"";"System";18.08.2014;"12:56:53";"";"&S &P &O";" ----------";"Jahr/Monat/Tag";000;"";"HM";835;"amerikanisch";"&O &P";"P.O. Box &F";"PA0649:pA:8acea1a7002696acdc1116b919c59bb4";"";"HM";"&N &T";2;"";"Heard und McDonald-Inseln";"Heard"
"";"";;"";"System";18.08.2014;"12:56:53";"";"&S &P &O";" ----------";"Tag/Monat/Jahr";000;"";"HN";424;"europäisch";"&P &O";"&F";"PA0649:pA:8acea1a7002696acdc1116b91ac59bb4";"";"HN";"&T &N";2;"";"Honduras";"Hondur"
"";"";;"";"System";18.08.2014;"12:56:53";"";"&S &P &O";" ----------";"Tag/Monat/Jahr";000;"HR99 9999 9999 9999 9999 9";"HR";092;"europäisch";"&P &O";"&F";"PA0649:pA:8acea1a7002696acdc1116b91bc59bb4";"";"HR";"&T &N";2;"HR99999999999";"Kroatien";"Kroat"
"";"";;"";"System";18.08.2014;"12:56:53";"";"&S &P &O";" ----------";"Tag/Monat/Jahr";000;"";"HT";452;"europäisch";"&P &O";"&F";"PA0649:pA:8acea1a7002696acdc1116b91cc59bb4";"";"HT";"&N, &T";2;"";"Haiti";"Haiti"
"";"";;"";"System";18.08.2014;"12:56:53";"";"&S &P &O";" ----------";"Tag/Monat/Jahr";000;"HU99 9999 9999 9999 9999 9999 9999";"HU";064;"europäisch";"&P &O";"P.O.B. &F";"PA0649:pA:8acea1a7002696acdc1116b9e1b0a7b4";"";"HU";"&T &N";2;"HU99999999";"Ungarn";"Ungarn"
"";"";;"";"System";18.08.2014;"12:56:53";"";"&S &P &O";" ----------";"Jahr/Monat/Tag";000;"";"ID";700;"amerikanisch";"&O &P";"&F";"PA0649:pA:8acea1a7002696acdc1116b91dc59bb4";"";"ID";"&T &N";2;"";"Indonesien";"Indone"
"";"";;"";"System";18.08.2014;"12:56:53";"";"&S &P &O";" ----------";"Tag/Monat/Jahr";000;"IE99 AAAA 9999 9999 9999 99";"IE";007;"europäisch";"&O &P";"P.O. Box &F";"PA0649:pA:8acea1a7002696acdc1116b93b13aab4";"";"IE";"&N &T";2;"IE9X99999A";"Irland";"Irland"
"";"";;"";"System";18.08.2014;"12:56:53";"";"&S &P &O";" ----------";"Jahr/Monat/Tag";000;"IL99 9999 9999 9999 9999 999";"IL";624;"amerikanisch";"&O &P";"P.O.B. &F";"PA0649:pA:8acea1a7002696acdc1116b923c59bb4";"";"IL";"&N &T";2;"";"Israel";"Israel"
"";"";;"";"System";18.08.2014;"12:56:53";"";"&S &P &O";" ----------";"Tag/Monat/Jahr";000;"";"IM";109;"europäisch";"&P &O";"B.P. &F";"PA0649:pA:8acea1a7002696acdc1116b93c13aab4";"";"IM";"&N, &T";2;"GB999999999,GB999999999999,GBAA999";"Insel Man";"Man"
"";"";;"";"System";18.08.2014;"12:56:53";"";"&S &P &O";" ----------";"Jahr/Monat/Tag";000;"";"IN";664;"amerikanisch";"&O-&P";"P.O. Box &F";"PA0649:pA:8acea1a7002696acdc1116b91ec59bb4";"";"IN";"&N &T";2;"";"Indien";"Indien"
"";"";;"";"System";18.08.2014;"12:56:53";"";"&S &P &O";" ----------";"Monat/Tag/Jahr";000;"";"IO";357;"amerikanisch";"&O &P";"P.O. Box &F";"PA0649:pA:8acea1a7002696acdc1116b91fc59bb4";"";"IO";"&N &T";2;"";"Tschagos-Inseln";"Ind Oz"
"";"";;"";"System";18.08.2014;"12:56:53";"";"&S &P &O";" ----------";"Jahr/Monat/Tag";000;"";"IQ";612;"amerikanisch";"&O &P";"P.O. Box &F";"PA0649:pA:8acea1a7002696acdc1116b921c59bb4";"";"IQ";"&N &T";2;"";"Irak";"Irak"
"";"";;"";"System";18.08.2014;"12:56:53";"";"&S &P &O";" ----------";"Jahr/Monat/Tag";000;"";"IR";616;"amerikanisch";"&O &P";"P.O. Box &F";"PA0649:pA:8acea1a7002696acdc1116b920c59bb4";"";"IR";"&N &T";2;"";"Iran, Islamische Republik";"Iran"
"";"";;"";"System";18.08.2014;"12:56:53";"";"&S &P &O";" ----------";"Tag/Monat/Jahr";000;"IS99 9999 9999 9999 9999 9999 99";"IS";024;"europäisch";"&P &O";"&F";"PA0649:pA:8acea1a7002696acdc1116b922c59bb4";"";"IS";"&T &N";2;"";"Island";"Island"
"";"";;"";"System";18.08.2014;"12:56:53";"";"&S &P &O";" ----------";"Tag/Monat/Jahr";000;"IT99 A999 9999 999N NNNN NNNN NNN";"IT";005;"europäisch";"&P-&O";"&F";"PA0649:pA:8acea1a7002696acdc1116b93d13aab4";"";"IT";"&T &N";2;"IT99999999999";"Italien";"Ital"
"";"";;"";"System";18.08.2014;"12:56:53";"";"&S &P &O";" ----------";"Tag/Monat/Jahr";000;"";"JE";108;"europäisch";"&O &P";"&F";"PA0649:pA:8acea1a7002696acdc1116b925c59bb4";"";"JE";"&T &N";2;"";"Jersey";"Jersey"
"";"";;"";"System";18.08.2014;"12:56:53";"";"&S &P &O";" ----------";"Jahr/Monat/Tag";000;"";"JM";464;"amerikanisch";"&O &P";"PO Box &F";"PA0649:pA:8acea1a7002696acdc1116b924c59bb4";"";"JM";"&N &T";2;"";"Jamaika";"Jamaik"
"";"";;"";"System";18.08.2014;"12:56:53";"";"&S &P &O";" ----------";"Jahr/Monat/Tag";000;"";"JO";628;"amerikanisch";"&O &P";"P.O. Box &F";"PA0649:pA:8acea1a7002696acdc1116b926c59bb4";"";"JO";"&N &T";2;"";"Jordanien";"Jordan"
"";"";;"";"System";18.08.2014;"12:56:53";"";"&S &P &O";" ----------";"Jahr/Monat/Tag";000;"";"JP";732;"amerikanisch";"&O &P";"&F";"PA0649:pA:8acea1a7002696acdc1116b9630097b4";"";"JP";"&N &T";2;"";"Japan";"Japan"
"";"";;"";"System";18.08.2014;"12:56:53";"";"&S &P &O";" ----------";"Jahr/Monat/Tag";000;"";"KE";346;"amerikanisch";"&O &P";"P.O. Box &F";"PA0649:pA:8acea1a7002696acdc1116b9650097b4";"";"KE";"&N &T";2;"";"Kenia";"Kenia"
"";"";;"";"System";18.08.2014;"12:56:53";"";"&S &P &O";" ----------";"Tag/Monat/Jahr";000;"";"KG";083;"europäisch";"&O &P";"&F";"PA0649:pA:8acea1a7002696acdc1116b927c59bb4";"";"KG";"&N, &T";2;"";"Kirgisische Republik";"Kirgis"
"";"";;"";"System";18.08.2014;"12:56:53";"";"&S &P &O";" ----------";"Tag/Monat/Jahr";000;"";"KH";696;"europäisch";"&O &P";"&F";"PA0649:pA:8acea1a7002696acdc1116b928c59bb4";"";"KH";"&T &N";2;"";"Kambodscha";"Kambod"
"";"";;"";"System";18.08.2014;"12:56:53";"";"&S &P &O";" ----------";"Monat/Tag/Jahr";000;"";"KI";812;"amerikanisch";"&O &P";"P.O. Box &F";"PA0649:pA:8acea1a7002696acdc1116b929c59bb4";"";"KI";"&N &T";2;"";"Kiribati";"Kiriba"
"";"";;"";"System";18.08.2014;"12:56:53";"";"&S &P &O";" ----------";"Tag/Monat/Jahr";000;"";"KM";375;"europäisch";"&O &P";"B.P. &F";"PA0649:pA:8acea1a7002696acdc1116b9219e94b4";"";"KM";"&N &T";2;"";"Komoren";"Komor"
"";"";;"";"System";18.08.2014;"12:56:53";"";"&S &P &O";" ----------";"Monat/Tag/Jahr";000;"";"KN";449;"amerikanisch";"&O &P";"P.O. Box &F";"PA0649:pA:8acea1a7002696acdc1116b92ac59bb4";"";"KN";"&N &T";2;"";"St. Kitts und Nevis";"St Kit"
"";"";;"";"System";18.08.2014;"12:56:53";"";"&S &P &O";" ----------";"Jahr/Monat/Tag";000;"";"KP";724;"amerikanisch";"&O &P";"&F";"PA0649:pA:8acea1a7002696acdc1116b9dc89a0b4";"";"KP";"&N, &T";2;"";"Demokratische Volksrep. Korea";"DV Kor"
"";"";;"";"System";18.08.2014;"12:56:53";"";"&S &P &O";" ----------";"Jahr/Monat/Tag";000;"";"KR";728;"amerikanisch";"&O &P";"&F";"PA0649:pA:8acea1a7002696acdc1116b92bc59bb4";"";"KR";"&N &T";2;"";"Republik Korea ehem. Südkorea";"RepKor"
"";"";;"";"System";18.08.2014;"12:56:53";"";"&S &P &O";" ----------";"Jahr/Monat/Tag";000;"KW99 AAAA NNNN NNNN NNNN NNNN NNNN NN";"KW";636;"amerikanisch";"&O &P";"P.O. Box &F";"PA0649:pA:8acea1a7002696acdc1116b92cc59bb4";"";"KW";"&N &T";2;"";"Kuwait";"Kuwait"
"";"";;"";"System";18.08.2014;"12:56:53";"";"&S &P &O";" ----------";"Monat/Tag/Jahr";000;"";"KY";463;"amerikanisch";"&O &P";"P.O. Box &F";"PA0649:pA:8acea1a7002696acdc1116b9279e94b4";"";"KY";"&N &T";2;"";"Kaiman-Inseln";"Kaiman"
"";"";;"";"System";18.08.2014;"12:56:53";"";"&S &P &O";" ----------";"Tag/Monat/Jahr";000;"KZ99 999N NNNN NNNN NNNN";"KZ";079;"europäisch";"&O &P";"&F";"PA0649:pA:8acea1a7002696acdc1116b9640097b4";"";"KZ";"&N, &T";2;"";"Kasachstan";"Kasach"
"";"";;"";"System";18.08.2014;"12:56:53";"";"&S &P &O";" ----------";"Tag/Monat/Jahr";000;"";"LA";684;"europäisch";"&O &P";"&F";"PA0649:pA:8acea1a7002696acdc1116b92dc59bb4";"";"LA";"&N, &T";2;"";"Demokratische Volksrep. Laos";"Laos"
"";"";;"";"System";18.08.2014;"12:56:53";"";"&S &P &O";" ----------";"Tag/Monat/Jahr";000;"LB99 9999 NNNN NNNN NNNN NNNN NNNN";"LB";604;"europäisch";"&O &P";"B.P. &F";"PA0649:pA:8acea1a7002696acdc1116b92ec59bb4";"";"LB";"&N, &T";2;"";"Libanon";"Liban"
"";"";;"";"System";18.08.2014;"12:56:53";"";"&S &P &O";" ----------";"Monat/Tag/Jahr";000;"";"LC";465;"amerikanisch";"&O &P";"P.O. Box &F";"PA0649:pA:8acea1a7002696acdc1116b931c59bb4";"";"LC";"&N &T";2;"";"St. Lucia";"Lucia"
"";"";;"";"System";18.08.2014;"12:56:53";"";"&S &P &O";" ----------";"Tag/Monat/Jahr";000;"LI99 9999 9NNN NNNN NNNN N";"LI";037;"europäisch";"&P &O";"Postfach &F";"PA0649:pA:8acea1a7002696acdc1116b932c59bb4";"";"LI";"&T &N";2;"";"Liechtenstein";"Liecht"
"";"";;"";"System";18.08.2014;"12:56:53";"";"&S &P &O";" ----------";"Jahr/Monat/Tag";000;"";"LK";669;"amerikanisch";"&O &P";"P.O. Box &F";"PA0649:pA:8acea1a7002696acdc1116b933c59bb4";"";"LK";"&N, &T";2;"";"Sri Lanka";"Srilan"
"";"";;"";"System";18.08.2014;"12:56:53";"";"&S &P &O";" ----------";"Jahr/Monat/Tag";000;"";"LR";268;"amerikanisch";"&O &P";"P.O. Box &F";"PA0649:pA:9d79d4aaa6e0a0b5df114f0a0492bf0b";"";"LR";"&N &T";2;"";"Liberia";"Liberi"
"";"";;"";"System";18.08.2014;"12:56:53";"";"&S &P &O";" ----------";"Jahr/Monat/Tag";000;"";"LS";395;"amerikanisch";"&O &P";"P.O. Box &F";"PA0649:pA:8acea1a7002696acdc1116b934c59bb4";"";"LS";"&N &T";2;"";"Lesotho";"Lesoth"
"";"";;"";"System";18.08.2014;"12:56:53";"";"&S &P &O";" ----------";"Tag/Monat/Jahr";000;"LT99 9999 9999 9999 9999";"LT";055;"europäisch";"&P &O";"&F";"PA0649:pA:8acea1a7002696acdc1116b93e13aab4";"";"LT";"&T &N";2;"LT999999999,LT999999999999";"Litauen";"Litau"
"";"";;"";"System";18.08.2014;"12:56:53";"";"&S &P &O";" ----------";"Tag/Monat/Jahr";000;"LU99 999N NNNN NNNN NNNN";"LU";018;"europäisch";"&P &O";"B.P. &F";"PA0649:pA:8acea1a7002696acdc1116b93f13aab4";"";"LU";"&N, &T";2;"LU99999999";"Luxemburg";"Luxemb"
"";"";;"";"System";18.08.2014;"12:56:53";"";"&S &P &O";" ----------";"Tag/Monat/Jahr";000;"LV99 AAAA NNNN NNNN NNNN N";"LV";054;"europäisch";"&O &P";"&F";"PA0649:pA:8acea1a7002696acdc1116b94013aab4";"";"LV";"&T &N";2;"LV99999999999";"Lettland";"Lettld"
"";"";;"";"System";18.08.2014;"12:56:53";"";"&S &P &O";" ----------";"Jahr/Monat/Tag";000;"";"LY";216;"amerikanisch";"&O &P";"&F";"PA0649:pA:8acea1a7002696acdc1116b930c59bb4";"";"LY";"&N, &T";2;"";"Libyen";"Libyen"
"";"";;"";"System";18.08.2014;"12:56:53";"";"&S &P &O";" ----------";"Tag/Monat/Jahr";000;"";"MA";204;"europäisch";"&O &P";"B.P. &F";"PA0649:pA:8acea1a7002696acdc1116b936c59bb4";"";"MA";"&N &T";2;"";"Marokko";"Marokk"
"";"";;"";"System";18.08.2014;"12:56:53";"";"&S &P &O";" ----------";"Tag/Monat/Jahr";000;"MC99 9999 9999 99NN NNNN NNNN N99";"MC";001;"europäisch";"&P &O";"&F";"PA0649:pA:8acea1a7002696acdc1116b94113aab4";"";"MC";"&N, &T";2;"FRNN999999999";"Monaco";"Monaco"
"";"";;"";"System";18.08.2014;"12:56:53";"";"&S &P &O";" ----------";"Tag/Monat/Jahr";000;"MD99 NNNN NNNN NNNN NNNN NNNN";"MD";074;"europäisch";"&P &O";"&F";"PA0649:pA:8acea1a7002696acdc1116b937c59bb4";"";"MD";"&N, &T";2;"";"Republik Moldau (Moldawien)";"Moldau"
"";"";;"";"System";18.08.2014;"12:56:53";"";"&S &P &O";" ----------";"Tag/Monat/Jahr";000;"ME99 9999 9999 9999 9999 99";"ME";097;"europäisch";"&P &O";"&F";"PA0649:pA:9d79d4aaa6e0a0b5df114f0a4c4b6b2c";"";"ME";"&T &N";2;"";"Montenegro";"Monten"
"";"System";11.02.2019;"13:39:53";"System";18.08.2014;"12:56:53";"";"&S &P &O";" ----------";"Tag/Monat/Jahr";000;"";"MF";001;"europäisch";"&P &O";"&F";"PA0649:pA:8b76998449019891ec13dedfa0798be2";"";"MF";"&N, &T";2;"";"St. Martin (französisch)";"St Mar"
"";"";;"";"System";18.08.2014;"12:56:53";"";"&S &P &O";" ----------";"Tag/Monat/Jahr";000;"";"MG";370;"europäisch";"&O &P";"B.P. &F";"PA0649:pA:8acea1a7002696acdc1116b938c59bb4";"";"MG";"&N, &T";2;"";"Madagaskar";"Madag"
"";"";;"";"System";18.08.2014;"12:56:53";"";"&S &P &O";" ----------";"Jahr/Monat/Tag";000;"";"MH";824;"amerikanisch";"&O &P";"P.O. Box &F";"PA0649:pA:8acea1a7002696acdc1116b93bc59bb4";"";"MH";"&N, &T";2;"";"Marshall-Inseln";"Marsh"
"";"";;"";"System";18.08.2014;"12:56:53";"";"&S &P &O";" ----------";"Tag/Monat/Jahr";000;"MK99 999N NNNN NNNN N99";"MK";096;"europäisch";"&P &O";"&F";"PA0649:pA:8acea1a7002696acdc1116b93cc59bb4";"";"MK";"&T &N";2;"";"Mazedonien";"Mazed"
"";"";;"";"System";18.08.2014;"12:56:53";"";"&S &P &O";" ----------";"Tag/Monat/Jahr";000;"";"ML";232;"europäisch";"&O &P";"BP. &F";"PA0649:pA:8acea1a7002696acdc1116b93dc59bb4";"";"ML";"&N, &T";2;"";"Mali";"Mali"
"";"";;"";"System";18.08.2014;"12:56:53";"";"&S &P &O";" ----------";"Jahr/Monat/Tag";000;"";"MM";676;"amerikanisch";"&O &P";"&F";"PA0649:pA:8acea1a7002696acdc1116b93ec59bb4";"";"MM";"&N, &T";2;"";"Myanmar";"Myan"
"";"";;"";"System";18.08.2014;"12:56:53";"";"&S &P &O";" ----------";"Jahr/Monat/Tag";000;"";"MN";716;"amerikanisch";"&O &P";"&F";"PA0649:pA:8acea1a7002696acdc1116b974279eb4";"";"MN";"&N, &T";2;"";"Mongolei";"Mongol"
"";"";;"";"System";18.08.2014;"12:56:53";"";"&S &P &O";" ----------";"Tag/Monat/Jahr";000;"";"MO";743;"europäisch";"&P &O";"&F";"PA0649:pA:8acea1a7002696acdc1116b935c59bb4";"";"MO";"&T, &N";2;"";"Macau";"Macau"
"";"";;"";"System";18.08.2014;"12:56:53";"";"&S &P &O";" ----------";"Jahr/Monat/Tag";000;"";"MP";820;"amerikanisch";"&O &P";"P.O. Box &F";"PA0649:pA:8acea1a7002696acdc1116b975279eb4";"";"MP";"&N &T";2;"";"Nördliche Marianen";"Marian"
"";"";;"";"System";18.08.2014;"12:56:53";"";"&S &P &O";" ----------";"Tag/Monat/Jahr";000;"";"MQ";001;"europäisch";"&P &O";"B.P. &F";"PA0649:pA:8acea1a7002696acdc1116b979279eb4";"";"MQ";"&N, &T";2;"";"Martinique";"Martini"
"";"";;"";"System";18.08.2014;"12:56:53";"";"&S &P &O";" ----------";"Tag/Monat/Jahr";000;"MR99 9999 9999 9999 9999 9999 999";"MR";228;"europäisch";"&O &P";"B.P. &F";"PA0649:pA:8acea1a7002696acdc1116b977279eb4";"";"MR";"&N &T";2;"";"Mauretanien";"Mauret"
"";"";;"";"System";18.08.2014;"12:56:53";"";"&S &P &O";" ----------";"Monat/Tag/Jahr";000;"";"MS";470;"amerikanisch";"&O &P";"P.O. Box &F";"PA0649:pA:8acea1a7002696acdc1116b978279eb4";"";"MS";"&N &T";2;"";"Montserrat";"Monts"
"";"";;"";"System";18.08.2014;"12:56:53";"";"&S &P &O";" ----------";"Tag/Monat/Jahr";000;"MT99 AAAA 9999 9NNN NNNN NNNN NNNN NNN";"MT";046;"europäisch";"&O &P";"P.O. Box &F";"PA0649:pA:8acea1a7002696acdc1116b94213aab4";"";"MT";"&N &T";2;"MT99999999";"Malta";"Malta"
"";"";;"";"System";18.08.2014;"12:56:53";"";"&S &P &O";" ----------";"Monat/Tag/Jahr";000;"MU99 AAAA 9999 9999 9999 9999 999A AA";"MU";373;"amerikanisch";"&O &P";"P.O. Box &F";"PA0649:pA:8acea1a7002696acdc1116b97a279eb4";"";"MU";"&N &T";2;"";"Mauritius";"Maurit"
"";"";;"";"System";18.08.2014;"12:56:53";"";"&S &P &O";" ----------";"Jahr/Monat/Tag";000;"";"MV";667;"amerikanisch";"&O &P";"P.O. Box &F";"PA0649:pA:8acea1a7002696acdc1116b939c59bb4";"";"MV";"&N &T";2;"";"Malediven";"Maldiv"
"";"";;"";"System";18.08.2014;"12:56:53";"";"&S &P &O";" ----------";"Jahr/Monat/Tag";000;"";"MW";386;"amerikanisch";"&O &P";"P.O. Box &F";"PA0649:pA:8acea1a7002696acdc1116b97b279eb4";"";"MW";"&N &T";2;"";"Malawi";"Malawi"
"";"";;"";"System";18.08.2014;"12:56:53";"";"&S &P &O";" ----------";"Tag/Monat/Jahr";000;"";"MX";412;"europäisch";"&P &O";"&F";"PA0649:pA:8acea1a7002696acdc1116b93ac59bb4";"";"MX";"&T &N";2;"";"Mexiko";"Mexiko"
"";"";;"";"System";18.08.2014;"12:56:53";"";"&S &P &O";" ----------";"Jahr/Monat/Tag";000;"";"MY";701;"amerikanisch";"&P &O";"P.O. Box &F";"PA0649:pA:8acea1a7002696acdc1116b97c279eb4";"";"MY";"&N &T";2;"";"Malaysia";"Malays"
"";"";;"";"System";18.08.2014;"12:56:53";"";"&S &P &O";" ----------";"Tag/Monat/Jahr";000;"";"MZ";366;"europäisch";"&P &O";"&F";"PA0649:pA:8acea1a7002696acdc1116b976279eb4";"";"MZ";"&T &N";2;"";"Mosambik";"Mosamb"
"";"";;"";"System";18.08.2014;"12:56:53";"";"&S &P &O";" ----------";"Jahr/Monat/Tag";000;"";"NA";389;"amerikanisch";"&O &P";"P.O. Box &F";"PA0649:pA:8acea1a7002696acdc1116b97e279eb4";"";"NA";"&N &T";2;"";"Namibia";"Namib"
"";"";;"";"System";18.08.2014;"12:56:53";"";"&S &P &O";" ----------";"Tag/Monat/Jahr";000;"";"NC";809;"europäisch";"&P &O";"&F";"PA0649:pA:8acea1a7002696acdc1116b97f279eb4";"";"NC";"&N, &T";2;"";"Neukaledonien";"Neukal"
"";"";;"";"System";18.08.2014;"12:56:53";"";"&S &P &O";" ----------";"Tag/Monat/Jahr";000;"";"NE";240;"europäisch";"&O &P";"B.P. &F";"PA0649:pA:8acea1a7002696acdc1116b980279eb4";"";"NE";"&N &T";2;"";"Niger";"Niger"
"";"";;"";"System";18.08.2014;"12:56:53";"";"&S &P &O";" ----------";"Jahr/Monat/Tag";000;"";"NF";836;"amerikanisch";"&O &P";"P.O. Box &F";"PA0649:pA:8acea1a7002696acdc1116b981279eb4";"";"NF";"&N &T";2;"";"Norfolk-Insel";"Norfol"
"";"";;"";"System";18.08.2014;"12:56:53";"";"&S &P &O";" ----------";"Jahr/Monat/Tag";000;"";"NG";288;"amerikanisch";"&O &P";"P.O. Box &F";"PA0649:pA:8acea1a7002696acdc1116b982279eb4";"";"NG";"&N &T";2;"";"Nigeria";"Nigeri"
"";"";;"";"System";18.08.2014;"12:56:53";"";"&S &P &O";" ----------";"Tag/Monat/Jahr";000;"";"NI";432;"europäisch";"&P &O";"&F";"PA0649:pA:8acea1a7002696acdc1116b983279eb4";"";"NI";"&T &N";2;"";"Nicaragua";"Nicara"
"";"";;"";"System";18.08.2014;"12:56:53";"";"&S &P &O";" ----------";"Tag/Monat/Jahr";000;"NL99 AAAA 9999 9999 99";"NL";003;"europäisch";"&P &O";"Postbus &F";"PA0649:pA:8acea1a7002696acdc1116b94313aab4";"";"NL";"&T &N";2;"NL999999999B99";"Niederlande";"Niedl"
"";"";;"";"System";18.08.2014;"12:56:53";"";"&S &P &O";" ----------";"Tag/Monat/Jahr";000;"NO99 9999 9999 999";"NO";028;"europäisch";"&P &O";"Postboks &F";"PA0649:pA:8acea1a7002696acdc1116b9cf89a0b4";"";"NO";"&T &N";2;"";"Norwegen";"Norweg"
"";"";;"";"System";18.08.2014;"12:56:53";"";"&S &P &O";" ----------";"Jahr/Monat/Tag";000;"";"NP";672;"amerikanisch";"&O &P";"&F";"PA0649:pA:8acea1a7002696acdc1116b9d089a0b4";"";"NP";"&N, &T";2;"";"Nepal";"Nepal"
"";"";;"";"System";18.08.2014;"12:56:53";"";"&S &P &O";" ----------";"Jahr/Monat/Tag";000;"";"NR";803;"amerikanisch";"&O &P";"P.O. Box &F";"PA0649:pA:8acea1a7002696acdc1116b9d189a0b4";"";"NR";"&N &T";2;"";"Nauru";"Nauru"
"";"";;"";"System";18.08.2014;"12:56:53";"";"&S &P &O";" ----------";"Jahr/Monat/Tag";000;"";"NU";838;"amerikanisch";"&P &O";"&F";"PA0649:pA:8acea1a7002696acdc1116b984279eb4";"";"NU";"&N, &T";2;"";"Niue-Insel";"Niue"
"";"";;"";"System";18.08.2014;"12:56:53";"";"&S &P &O";" ----------";"Jahr/Monat/Tag";000;"";"NZ";804;"amerikanisch";"&O &P";"PO Box &F";"PA0649:pA:8acea1a7002696acdc1116b9d289a0b4";"";"NZ";"&N &T";2;"";"Neuseeland";"Neusee"
"";"";;"";"System";18.08.2014;"12:56:53";"";"&S &P &O";" ----------";"Jahr/Monat/Tag";000;"";"OM";649;"amerikanisch";"&O, Postal Code &P";"P.O. Box &F";"PA0649:pA:8acea1a7002696acdc1116b9d389a0b4";"";"OM";"&N &T";2;"";"Oman";"Oman"
"";"";;"";"System";18.08.2014;"12:56:53";"";"&S &P &O";" ----------";"Tag/Monat/Jahr";000;"";"PA";442;"europäisch";"&P &O";"&F";"PA0649:pA:8acea1a7002696acdc1116b9d589a0b4";"";"PA";"&T &N";2;"";"Panama (einschl. Kanal-Zone)";"Panama"
"";"";;"";"System";18.08.2014;"12:56:53";"";"&S &P &O";" ----------";"Tag/Monat/Jahr";000;"";"PE";504;"europäisch";"&P &O";"&F";"PA0649:pA:8acea1a7002696acdc1116b9d789a0b4";"";"PE";"&T &N";2;"";"Peru";"Peru"
"";"";;"";"System";18.08.2014;"12:56:53";"";"&S &P &O";" ----------";"Tag/Monat/Jahr";000;"";"PF";822;"europäisch";"&P &O";"B.P. &F";"PA0649:pA:8acea1a7002696acdc1116b9df89a0b4";"";"PF";"&N, &T";2;"";"Französisch-Polynesien";"F Poly"
"";"";;"";"System";18.08.2014;"12:56:53";"";"&S &P &O";" ----------";"Jahr/Monat/Tag";000;"";"PG";801;"amerikanisch";"&O &P";"P.O. Box &F";"PA0649:pA:8acea1a7002696acdc1116b9da89a0b4";"";"PG";"&N, &T";2;"";"Papua-Neuguinea";"Papua"
"";"";;"";"System";18.08.2014;"12:56:53";"";"&S &P &O";" ----------";"Jahr/Monat/Tag";000;"";"PH";708;"amerikanisch";"&O &P";"&F";"PA0649:pA:8acea1a7002696acdc1116b9d889a0b4";"";"PH";"&N, &T";2;"";"Philippinen";"Philip"
"";"";;"";"System";18.08.2014;"12:56:53";"";"&S &P &O";" ----------";"Jahr/Monat/Tag";000;"PK99 AAAA NNNN NNNN NNNN NNNN";"PK";662;"amerikanisch";"&O &P";"P.O. Box &F";"PA0649:pA:8acea1a7002696acdc1116b9d489a0b4";"";"PK";"&N, &T";2;"";"Pakistan";"Pakist"
"";"";;"";"System";18.08.2014;"12:56:53";"";"&S &P &O";" ----------";"Tag/Monat/Jahr";000;"PL99 9999 9999 9999 9999 9999 9999";"PL";060;"europäisch";"&P &O";"&F";"PA0649:pA:8acea1a7002696acdc1116b94413aab4";"";"PL";"&T &N";2;"PL9999999999";"Polen";"Polen"
"";"";;"";"System";18.08.2014;"12:56:53";"";"&S &P &O";" ----------";"Tag/Monat/Jahr";000;"";"PM";408;"europäisch";"&P &O";"&F";"PA0649:pA:8acea1a7002696acdc1116b9f089a0b4";"";"PM";"&N, &T";2;"";"St. Pierre und Miquelon";"Pierre"
"";"";;"";"System";18.08.2014;"12:56:53";"";"&S &P &O";" ----------";"Monat/Tag/Jahr";000;"";"PN";813;"amerikanisch";"&O &P";"P.O. Box &F";"PA0649:pA:8acea1a7002696acdc1116b9d689a0b4";"";"PN";"&N &T";2;"";"Pitcairn-Inseln";"Pitcai"
"";"";;"";"System";18.08.2014;"12:56:53";"";"&S &P &O";" ----------";"Jahr/Monat/Tag";000;"PS99 AAAA NNNN NNNN NNNN NNNN NNNN N";"PS";625;"amerikanisch";"&O &P";"P.O. Box &F";"PA0649:pA:8acea1a7002696acdc1116b9de89a0b4";"";"PS";"&N &T";2;"";"Palästinensische Gebiete";"Pal G"
"";"";;"";"System";18.08.2014;"12:56:53";"";"&S &P &O";" ----------";"Tag/Monat/Jahr";000;"PT99 9999 9999 9999 9999 9999 9";"PT";010;"europäisch";"&P &O";"&F";"PA0649:pA:8acea1a7002696acdc1116b94513aab4";"";"PT";"&T &N";2;"PT999999999";"Portugal";"Portug"
"";"";;"";"System";18.08.2014;"12:56:53";"";"&S &P &O";" ----------";"Jahr/Monat/Tag";000;"";"PW";825;"amerikanisch";"&O &P";"P.O. Box &F";"PA0649:pA:8acea1a7002696acdc1116b9d989a0b4";"";"PW";"&N &T";2;"";"Palau";"Palau"
"";"";;"";"System";18.08.2014;"12:56:53";"";"&S &P &O";" ----------";"Tag/Monat/Jahr";000;"";"PY";520;"europäisch";"&P &O";"&F";"PA0649:pA:8acea1a7002696acdc1116b9dd89a0b4";"";"PY";"&T &N";2;"";"Paraguay";"Paragu"
"";"";;"";"System";18.08.2014;"12:56:53";"";"&S &P &O";" ----------";"Jahr/Monat/Tag";000;"";"QA";644;"amerikanisch";"&O &P";"P.O. Box &F";"PA0649:pA:8acea1a7002696acdc1116b9e089a0b4";"";"QA";"&N &T";2;"";"Katar";"Katar"
"";"System";01.12.2016;"09:37:37";"System";18.08.2014;"12:56:53";"";"&S &P &O";" ----------";"Tag/Monat/Jahr";000;"";"RE";001;"europäisch";"&P &O";"&F";"PA0649:pA:8acea1a7002696acdc1116b9e189a0b4";"";"RE";"&N, &T";2;"";"Réunion";"Reunion"
"";"";;"";"System";18.08.2014;"12:56:53";"";"&S &P &O";" ----------";"Tag/Monat/Jahr";000;"RO99 AAAA NNNN NNNN NNNN NNNN";"RO";066;"europäisch";"&P &O";"&F";"PA0649:pA:8acea1a7002696acdc1116b94613aab4";"";"RO";"&N, &T";2;"RO9999999999";"Rumänien";"Rumän"
"";"";;"";"System";18.08.2014;"12:56:53";"";"&S &P &O";" ----------";"Tag/Monat/Jahr";000;"RS99 9999 9999 9999 9999 99";"RS";098;"europäisch";"&P &O";"&F";"PA0649:pA:9d79d4aaa6e0a0b5df114f0aa2e29e3d";"";"RS";"&T &N";2;"";"Serbien";"Serbie"
"";"";;"";"System";18.08.2014;"12:56:53";"";"&S &P &O";" ----------";"Tag/Monat/Jahr";000;"";"RU";075;"europäisch";"&O &P";"&F";"PA0649:pA:8acea1a7002696acdc1116b9e289a0b4";"";"RU";"&T &N";2;"";"Russische Föderation";"Russld"
"";"";;"";"System";18.08.2014;"12:56:53";"";"&S &P &O";" ----------";"Tag/Monat/Jahr";000;"";"RW";324;"europäisch";"&P &O";"B.P. &F";"PA0649:pA:8acea1a7002696acdc1116b9e389a0b4";"";"RW";"&N, &T";2;"";"Ruanda";"Ruanda"
"";"";;"";"System";18.08.2014;"12:56:53";"";"&S &P &O";" ----------";"Jahr/Monat/Tag";000;"SA99 99NN NNNN NNNN NNNN NNNN";"SA";632;"amerikanisch";"&O &P";"P.O. Box &F";"PA0649:pA:8acea1a7002696acdc1116b9e489a0b4";"";"SA";"&N &T";2;"";"Saudi-Arabien";"Saudia"
"";"";;"";"System";18.08.2014;"12:56:53";"";"&S &P &O";" ----------";"Monat/Tag/Jahr";000;"";"SB";806;"amerikanisch";"&O &P";"P.O. Box &F";"PA0649:pA:8acea1a7002696acdc1116b9eb89a0b4";"";"SB";"&N &T";2;"";"Salomonen";"Salom"
"";"";;"";"System";18.08.2014;"12:56:53";"";"&S &P &O";" ----------";"Jahr/Monat/Tag";000;"";"SC";355;"amerikanisch";"&O &P";"P.O. Box &F";"PA0649:pA:8acea1a7002696acdc1116b9f489a0b4";"";"SC";"&N &T";2;"";"Seychellen";"Seych"
"";"";;"";"System";18.08.2014;"12:56:53";"";"&S &P &O";" ----------";"Jahr/Monat/Tag";000;"";"SD";224;"amerikanisch";"&O &P";"P.O. Box &F";"PA0649:pA:8acea1a7002696acdc1116b9e589a0b4";"";"SD";"&N &T";2;"";"Sudan";"Sudan"
"";"";;"";"System";18.08.2014;"12:56:53";"";"&S &P &O";" ----------";"Tag/Monat/Jahr";000;"SE99 9999 9999 9999 9999 9999";"SE";030;"europäisch";"&P &O";"Box &F";"PA0649:pA:8acea1a7002696acdc1116b94713aab4";"";"SE";"&T &N";2;"SE999999999901";"Schweden";"Schwed"
"";"";;"";"System";18.08.2014;"12:56:53";"";"&S &P &O";" ----------";"Jahr/Monat/Tag";000;"";"SG";706;"amerikanisch";"&O &P";"P.O. Box &F";"PA0649:pA:8acea1a7002696acdc1116b9e789a0b4";"";"SG";"&T &N";2;"";"Singapur";"Singap"
"";"";;"";"System";18.08.2014;"12:56:53";"";"&S &P &O";" ----------";"Monat/Tag/Jahr";000;"";"SH";329;"amerikanisch";"&O &P";"P.O. Box &F";"PA0649:pA:8acea1a7002696acdc1116b9e989a0b4";"";"SH";"&N &T";2;"";"St. Helena, Ascension, Tristan";"St Hel"
"";"";;"";"System";18.08.2014;"12:56:53";"";"&S &P &O";" ----------";"Tag/Monat/Jahr";000;"SI99 9999 9999 9999 999";"SI";091;"europäisch";"&P &O";"&F";"PA0649:pA:8acea1a7002696acdc1116b94813aab4";"";"SI";"&T &N";2;"SI99999999";"Slowenien";"Slowen"
"";"";;"";"System";18.08.2014;"12:56:53";"";"&S &P &O";" ----------";"Tag/Monat/Jahr";000;"SK99 9999 9999 9999 9999 9999";"SK";063;"europäisch";"&P &O";"&F";"PA0649:pA:8acea1a7002696acdc1116b94913aab4";"";"SK";"&T &N";2;"SK9999999999";"Slowakei";"Slowak"
"";"";;"";"System";18.08.2014;"12:56:53";"";"&S &P &O";" ----------";"Jahr/Monat/Tag";000;"";"SL";264;"amerikanisch";"&O &P";"P.O. Box &F";"PA0649:pA:8acea1a7002696acdc1116b9ec89a0b4";"";"SL";"&N &T";2;"";"Sierra Leone";"Sier L"
"";"";;"";"System";18.08.2014;"12:56:53";"";"&S &P &O";" ----------";"Tag/Monat/Jahr";000;"SM99 A999 9999 999N NNNN NNNN NNN";"SM";047;"europäisch";"&P-&O";"&F";"PA0649:pA:8acea1a7002696acdc1116b9ee89a0b4";"";"SM";"&T &N";2;"";"San Marino";"Marino"
"";"";;"";"System";18.08.2014;"12:56:53";"";"&S &P &O";" ----------";"Tag/Monat/Jahr";000;"";"SN";248;"europäisch";"&O &P";"B.P. &F";"PA0649:pA:8acea1a7002696acdc1116b9e689a0b4";"";"SN";"&N, &T";2;"";"Senegal";"Seneg"
"";"";;"";"System";18.08.2014;"12:56:53";"";"&S &P &O";" ----------";"Jahr/Monat/Tag";000;"";"SO";342;"amerikanisch";"&O &P";"P.O. Box &F";"PA0649:pA:8acea1a7002696acdc1116b9ef89a0b4";"";"SO";"&N &T";2;"";"Somalia";"Somali"
"";"";;"";"System";18.08.2014;"12:56:53";"";"&S &P &O";" ----------";"Tag/Monat/Jahr";000;"";"SR";492;"europäisch";"&O &P";"&F";"PA0649:pA:8acea1a7002696acdc1116b9f289a0b4";"";"SR";"&N, &T";2;"";"Suriname";"Surin"
"";"";;"";"System";18.08.2014;"12:56:53";"";"&S &P &O";" ----------";"Jahr/Monat/Tag";000;"";"SS";225;"amerikanisch";"&O &P";"P.O. Box &F";"PA0649:pA:8b76998449019891ec13a1e028a143e9";"";"SS";"&N &T";2;"";"Südsudan";"Ssudan"
"";"";;"";"System";18.08.2014;"12:56:53";"";"&S &P &O";" ----------";"Tag/Monat/Jahr";000;"";"ST";311;"europäisch";"&P &O";"&F";"PA0649:pA:8acea1a7002696acdc1116b9f189a0b4";"";"ST";"&T &N";2;"";"Sâo Tomé und Principe";"S Tomé"
"";"";;"";"System";18.08.2014;"12:56:53";"";"&S &P &O";" ----------";"Tag/Monat/Jahr";000;"";"SV";428;"europäisch";"&P &O";"&F";"PA0649:pA:8acea1a7002696acdc1116b9ed89a0b4";"";"SV";"&T &N";2;"";"El Salvador";"El Sal"
"";"";;"";"System";18.08.2014;"12:56:53";"";"&S &P &O";" ----------";"Jahr/Monat/Tag";000;"";"SY";608;"amerikanisch";"&O &P";"P.O. Box &F";"PA0649:pA:8acea1a7002696acdc1116b9f589a0b4";"";"SY";"&N &T";2;"";"Arabische Republik Syrien";"Syrien"
"";"";;"";"System";18.08.2014;"12:56:53";"";"&S &P &O";" ----------";"Jahr/Monat/Tag";000;"";"SZ";393;"amerikanisch";"&O &P";"P.O. Box &F";"PA0649:pA:8acea1a7002696acdc1116b9f389a0b4";"";"SZ";"&N &T";2;"";"Swasiland";"Swasi"
"";"";;"";"System";18.08.2014;"12:56:53";"";"&S &P &O";" ----------";"Monat/Tag/Jahr";000;"";"TC";454;"amerikanisch";"&O &P";"P.O. Box &F";"PA0649:pA:8acea1a7002696acdc1116b9f789a0b4";"";"TC";"&N &T";2;"";"Turks- und Caicos-Inseln";"Turk l"
"";"";;"";"System";18.08.2014;"12:56:53";"";"&S &P &O";" ----------";"Tag/Monat/Jahr";000;"";"TD";244;"europäisch";"&O &P";"B.P. &F";"PA0649:pA:8acea1a7002696acdc1116b9f889a0b4";"";"TD";"&N &T";2;"";"Tschad";"Tschad"
"";"";;"";"System";18.08.2014;"12:56:53";"";"&S &P &O";" ----------";"Tag/Monat/Jahr";000;"";"TF";894;"europäisch";"&P &O";"B.P. &F";"PA0649:pA:8acea1a7002696acdc1116b98e4ea5b4";"";"TF";"&N, &T";2;"";"Französische Südgebiete";"F Süd"
"";"";;"";"System";18.08.2014;"12:56:53";"";"&S &P &O";" ----------";"Tag/Monat/Jahr";000;"";"TG";280;"europäisch";"&O &P";"B.P. &F";"PA0649:pA:8acea1a7002696acdc1116b9f989a0b4";"";"TG";"&N, &T";2;"";"Togo";"Togo"
"";"";;"";"System";18.08.2014;"12:56:53";"";"&S &P &O";" ----------";"Jahr/Monat/Tag";000;"";"TH";680;"amerikanisch";"&O &P";"&F";"PA0649:pA:8acea1a7002696acdc1116b9fa89a0b4";"";"TH";"&N, &T";2;"";"Thailand";"Thail"
"";"";;"";"System";18.08.2014;"12:56:53";"";"&S &P &O";" ----------";"Jahr/Monat/Tag";000;"";"TJ";082;"amerikanisch";"&P &O";"&F";"PA0649:pA:8acea1a7002696acdc1116b9fb89a0b4";"";"TJ";"&T &N";2;"";"Tadschikistan";"Tadsch"
"";"";;"";"System";18.08.2014;"12:56:53";"";"&S &P &O";" ----------";"Monat/Tag/Jahr";000;"";"TK";839;"amerikanisch";"&O &P";"P.O. Box &F";"PA0649:pA:8acea1a7002696acdc1116b9fc89a0b4";"";"TK";"&N &T";2;"";"Tokelau";"Tokel"
"";"";;"";"System";18.08.2014;"12:56:53";"";"&S &P &O";" ----------";"Tag/Monat/Jahr";000;"";"TL";626;"europäisch";"&O &P";"&F";"PA0649:pA:8acea1a7002696acdc1116b9fe89a0b4";"";"TL";"&T, &N";2;"";"Timor-Leste";"TimLes"
"";"";;"";"System";18.08.2014;"12:56:53";"";"&S &P &O";" ----------";"Tag/Monat/Jahr";000;"";"TM";080;"europäisch";"&O &P";"&F";"PA0649:pA:8acea1a7002696acdc1116b9fd89a0b4";"";"TM";"&T &N";2;"";"Turkmenistan";"Turkm"
"";"";;"";"System";18.08.2014;"12:56:53";"";"&S &P &O";" ----------";"Tag/Monat/Jahr";000;"TN59 9999 9999 9999 9999 9999";"TN";212;"europäisch";"&P &O";"B.P. &F";"PA0649:pA:8acea1a7002696acdc1116b9018aa0b4";"";"TN";"&N, &T";2;"";"Tunesien";"Tunes"
"";"";;"";"System";18.08.2014;"12:56:53";"";"&S &P &O";" ----------";"Jahr/Monat/Tag";000;"";"TO";817;"amerikanisch";"&O &P";"P.O. Box &F";"PA0649:pA:8acea1a7002696acdc1116b9ff89a0b4";"";"TO";"&N &T";2;"";"Tonga";"Tonga"
"";"";;"";"System";18.08.2014;"12:56:53";"";"&S &P &O";" ----------";"Tag/Monat/Jahr";000;"TR99 9999 9NNN NNNN NNNN NNNN NN";"TR";052;"europäisch";"&O &P";"&F";"PA0649:pA:8acea1a7002696acdc1116b92aeca2b4";"";"TR";"&T No. &N";2;"";"Türkei";"Türkei"
"";"";;"";"System";18.08.2014;"12:56:53";"";"&S &P &O";" ----------";"Jahr/Monat/Tag";000;"";"TT";472;"amerikanisch";"&O &P";"P.O. Box &F";"PA0649:pA:8acea1a7002696acdc1116b9008aa0b4";"";"TT";"&N &T";2;"";"Tobago und Trinidad";"Trinid"
"";"";;"";"System";18.08.2014;"12:56:53";"";"&S &P &O";" ----------";"Monat/Tag/Jahr";000;"";"TV";807;"amerikanisch";"&O &P";"P.O. Box &F";"PA0649:pA:8acea1a7002696acdc1116b92beca2b4";"";"TV";"&N &T";2;"";"Tuvalu";"Tuvalu"
"";"";;"";"System";18.08.2014;"12:56:53";"";"&S &P &O";" ----------";"Jahr/Monat/Tag";000;"";"TW";736;"amerikanisch";"&O &P";"P.O. Box &F";"PA0649:pA:8acea1a7002696acdc1116b92ceca2b4";"";"TW";"#No. &N, &T";2;"";"Taiwan";"Taiwan"
"";"";;"";"System";18.08.2014;"12:56:53";"";"&S &P &O";" ----------";"Jahr/Monat/Tag";000;"";"TZ";352;"amerikanisch";"&O &P";"Box &F";"PA0649:pA:8acea1a7002696acdc1116b92deca2b4";"";"TZ";"&N &T";2;"";"Vereinigte Republik Tansania";"Tansan"
"";"";;"";"System";18.08.2014;"12:56:53";"";"&S &P &O";" ----------";"Tag/Monat/Jahr";000;"";"UA";072;"europäisch";"&P &O";"&F";"PA0649:pA:8acea1a7002696acdc1116b92eeca2b4";"";"UA";"&T &N";2;"";"Ukraine";"Ukrain"
"";"";;"";"System";18.08.2014;"12:56:53";"";"&S &P &O";" ----------";"Tag/Monat/Jahr";000;"";"UG";350;"europäisch";"&S &P &O";"&F";"PA0649:pA:8acea1a7002696acdc1116b9be6299b4";"";"UG";"&T &N";2;"";"Uganda";"Uganda"
"";"";;"";"System";18.08.2014;"12:56:53";"";"&S &P &O";" ----------";"Jahr/Monat/Tag";000;"";"UM";832;"amerikanisch";"&O &P";"P.O. Box &F";"PA0649:pA:8acea1a7002696acdc1116b92feca2b4";"";"UM";"&N &T";2;"";"Amerik Übersee-Inseln, kleine";"US Über"
"";"";;"";"System";18.08.2014;"12:56:53";"";"&S &P &O";" ----------";"Jahr/Monat/Tag";000;"";"US";400;"amerikanisch";"&O, &L &P";"P.O. Box &F";"PA0649:pA:8acea1a7002696acdc1116b931eca2b4";"";"US";"&N &T";4;"";"USA";"USA"
"";"";;"";"System";18.08.2014;"12:56:53";"";"&S &P &O";" ----------";"Tag/Monat/Jahr";000;"";"UY";524;"europäisch";"&P &O";"&F";"PA0649:pA:8acea1a7002696acdc1116b930eca2b4";"";"UY";"&T &N";2;"";"Uruguay";"Urugu"
"";"";;"";"System";18.08.2014;"12:56:53";"";"&S &P &O";" ----------";"Tag/Monat/Jahr";000;"";"UZ";081;"europäisch";"&O &P";"&F";"PA0649:pA:8acea1a7002696acdc1116b932eca2b4";"";"UZ";"&T &N";2;"";"Usbekistan";"Usbek"
"";"";;"";"System";18.08.2014;"12:56:53";"";"&S &P &O";" ----------";"Tag/Monat/Jahr";000;"";"VA";045;"europäisch";"&P &O";"&F";"PA0649:pA:8acea1a7002696acdc1116b933eca2b4";"";"VA";"&T &N";2;"";"Vatikanstadt";"Vatik"
"";"";;"";"System";18.08.2014;"12:56:53";"";"&S &P &O";" ----------";"Monat/Tag/Jahr";000;"";"VC";467;"amerikanisch";"&O &P";"P.O. Box &F";"PA0649:pA:8acea1a7002696acdc1116b934eca2b4";"";"VC";"&N &T";2;"";"St. Vincent und die Grenadinen";"Vincen"
"";"";;"";"System";18.08.2014;"12:56:53";"";"&S &P &O";" ----------";"Tag/Monat/Jahr";000;"";"VE";484;"europäisch";"&P &O";"&F";"PA0649:pA:8acea1a7002696acdc1116b935eca2b4";"";"VE";"&T &N";2;"";"Venezuela";"Venezu"
"";"";;"";"System";18.08.2014;"12:56:53";"";"&S &P &O";" ----------";"Monat/Tag/Jahr";000;"VG99 AAAA 9999 9999 9999 9999";"VG";468;"amerikanisch";"&O &P";"P.O. Box &F";"PA0649:pA:8acea1a7002696acdc1116b936eca2b4";"";"VG";"&N &T";2;"";"Britische Jungfern-Inseln";"Br Jgf"
"";"";;"";"System";18.08.2014;"12:56:53";"";"&S &P &O";" ----------";"Jahr/Monat/Tag";000;"";"VI";457;"amerikanisch";"&O &P";"P.O. Box &F";"PA0649:pA:8acea1a7002696acdc1116b937eca2b4";"";"VI";"&N &T";2;"";"Amerikanische Jungfern-Inseln";"Am Jgf"
"";"";;"";"System";18.08.2014;"12:56:53";"";"&S &P &O";" ----------";"Tag/Monat/Jahr";000;"";"VN";690;"europäisch";"&O &P";"B.P. &F";"PA0649:pA:8acea1a7002696acdc1116b938eca2b4";"";"VN";"&N, &T";2;"";"Vietnam";"Vietn"
"";"";;"";"System";18.08.2014;"12:56:53";"";"&S &P &O";" ----------";"Monat/Tag/Jahr";000;"";"VU";816;"amerikanisch";"&O &P";"P.O. Box &F";"PA0649:pA:8acea1a7002696acdc1116b939eca2b4";"";"VU";"&N &T";2;"";"Vanuatu";"Vanua"
"";"";;"";"System";18.08.2014;"12:56:53";"";"&S &P &O";" ----------";"Tag/Monat/Jahr";000;"";"WF";811;"europäisch";"&P &O";"&F";"PA0649:pA:8acea1a7002696acdc1116b93aeca2b4";"";"WF";"&N, &T";2;"";"Wallis u. Futuna";"Wallis"
"";"";;"";"System";18.08.2014;"12:56:53";"";"&S &P &O";" ----------";"Jahr/Monat/Tag";000;"";"WS";819;"amerikanisch";"&O &P";"P.O. Box &F";"PA0649:pA:8acea1a7002696acdc1116b93beca2b4";"";"WS";"&N &T";2;"";"Samoa";"Samoa"
"";"";;"";"System";18.08.2014;"12:56:53";"";"&S &P &O";" ----------";"Tag/Monat/Jahr";000;"";"XC";021;"europäisch";"&P-&O";"&F";"PA0649:pA:8acea1a7002696acdc1116b9099e94b4";"";"XC";"&T, &N";2;"";"Ceuta";"Ceuta"
"";"";;"";"System";18.08.2014;"12:56:53";"";"&S &P &O";" ----------";"Tag/Monat/Jahr";000;"";"XK";095;"europäisch";"&P-&O";"&F";"PA0649:pA:8acea1a7002696acdc1116b90a9e94b4";"";"XK";"&T &N";2;"";"Kosovo";"Kosovo"
"";"";;"";"System";18.08.2014;"12:56:53";"";"&S &P &O";" ----------";"Tag/Monat/Jahr";000;"";"XL";023;"europäisch";"&P &O";"&F";"PA0649:pA:8acea1a7002696acdc1116b90b9e94b4";"";"XL";"&T &N";2;"";"Melilla";"Melill"
"";"";;"";"System";18.08.2014;"12:56:53";"";"&S &P &O";" ----------";"Tag/Monat/Jahr";000;"";"XP";625;"europäisch";"&P &O";"P.O. Box &F";"PA0649:pA:8b76998449019891ec132ede943e7754";"";"XP";"&T &N";2;"";"Westjordanland/Gazastreifen";"Westjo"
"";"";;"";"System";18.08.2014;"12:56:53";"";"&S &P &O";" ----------";"Jahr/Monat/Tag";000;"";"YE";653;"amerikanisch";"&O &P";"P.O. Box &F";"PA0649:pA:8acea1a7002696acdc1116b93ceca2b4";"";"YE";"&N &T";2;"";"Jemen";"Jemen"
"";"";;"";"System";18.08.2014;"12:56:53";"";"&S &P &O";" ----------";"Tag/Monat/Jahr";000;"";"YT";377;"europäisch";"&P &O";"B.P. &F";"PA0649:pA:8acea1a7002696acdc1116b97d279eb4";"";"YT";"&N, &T";2;"";"Mayotte";"Mayott"
"";"";;"";"System";18.08.2014;"12:56:53";"";"&S &P &O";" ----------";"Jahr/Monat/Tag";000;"";"ZA";388;"amerikanisch";"&O &P";"Private Bag &F";"PA0649:pA:8acea1a7002696acdc1116b93deca2b4";"";"ZA";"&N &T";2;"";"Südafrika";"S Afr"
"";"";;"";"System";18.08.2014;"12:56:53";"";"&S &P &O";" ----------";"Jahr/Monat/Tag";000;"";"ZM";378;"amerikanisch";"&O &P";"P.O. Box &F";"PA0649:pA:8acea1a7002696acdc1116b93eeca2b4";"";"ZM";"&N &T";2;"";"Sambia";"Sambia"
"";"";;"";"System";18.08.2014;"12:56:53";"";"&S &P &O";" ----------";"Jahr/Monat/Tag";000;"";"ZW";382;"amerikanisch";"&P &O";"P.O. Box &F";"PA0649:pA:8acea1a7002696acdc1116b93feca2b4";"";"ZW";"&N &T";2;"";"Simbabwe";"Simbab"
